{"cameraMode":{"drawMode":0,"name":"Shaded","section":"Shading Mode"},"sceneLighting":true,"audioPlay":false,"sceneViewState":{"m_AlwaysRefresh":false,"showFog":true,"showSkybox":true,"showFlares":true,"showImageEffects":true,"showParticleSystems":true,"showVisualEffectGraphs":true,"m_FxEnabled":true},"in2DMode":false,"pivot":{"x":4.5257463455200199,"y":-1.5154554843902588,"z":2.3117730617523195},"rotation":{"x":0.20052886009216309,"y":-1.0663791982779003e-7,"z":1.7235694826922555e-7,"w":0.9796873331069946},"size":4.863500118255615,"orthographic":false}